Empresa,Url
Energya VM,https://www.energyavm.es/luz/formula-fija-24-horas-luz/
Energy Asset,https://energyasset.es/tarifa
Visalia,https://visalia.es/luz/fijo24horas/
Imagina,https://imaginaenergia.com/tarifa-luz-sin-horas/
Energia Nufri,https://www.energianufri.com/es/tarifas-luz
Total Energies,https://www.totalenergies.es/es/hogares/tarifas-luz/a-tu-aire-siempre
Niba,https://niba.es/luz-y-gas
Lumisa Energia,https://lumisa.es/es/tarifa-fija
Contigo Energia,https://contigoenergia.com/hogares/tarifas-luz/
Endesa,https://www.endesa.com/es/luz-y-gas/luz/one/tarifa-one-luz
Nexus,https://www.nexusenergia.com/hogar/tarifas-luz/
Plenitude,https://eniplenitude.es/hogar/tarifas-luz/facil/
Naturgy,https://www.naturgy.es/hogar/luz
CHC Energia,https://chcenergia.es/
Repsol,https://www.repsol.es/particulares/hogar/luz-y-gas/tarifas/tarifa-sin-horarios/
Gana Energia,https://ganaenergia.com/tarifas-luz/24-horas
Octopus,https://octopusenergy.es/precios
Iberdrola,https://www.iberdrola.es/luz/plan-online
Fenie Energia,https://www.fenieenergia.es/es/hogar/tarifas-de-luz
Clarity Energy,https://www.clarityenergy.es/tarifas-luz/
Catgas,https://catgas.cat/es/tarifes-catllum-llar
El Corte Ingles,https://www.energiaelcorteingles.es/tarifa-despreocupate/
HSC,https://www.hscomercializadora.com/
Holaluz,https://www.holaluz.com/luz/
Podo,https://www.mipodo.com/tarifas-luz
Disa Energia,https://www.disagrupo.es/electricidad/tarifa-disa-alisios/
Factor Energia,https://www.factorenergia.com/es/luz/tarifa-fija-de-luz-precio-unico/
